Video ID,Playlist Video Creation Timestamp
JmpDGMgRFfo,2024-12-19T15:38:38+00:00
Reu0hHbis5w,2024-12-16T08:17:32+00:00
55RieJwCRps,2024-11-15T05:27:49+00:00
1GbJQ7fHgqo,2024-11-11T11:04:50+00:00
PuOVqP_cjkE,2024-10-23T19:42:53+00:00
jD7FnbI76Hg,2024-05-22T04:59:19+00:00
_eJ6KAb56Gw,2024-05-12T13:59:17+00:00
0A_JpLYG7hM,2024-05-06T15:54:12+00:00
ArTVfdHOB-M,2024-05-06T06:55:25+00:00
coM0JK6o3mo,2024-01-26T14:46:00+00:00
SIQ0EDDSiKo,2023-12-11T18:00:27+00:00
KPtb6Bw9vvs,2023-10-07T07:02:58+00:00
ghZZB_7HFS8,2023-09-26T14:30:31+00:00
NYdiTEqL6W4,2023-09-24T16:53:03+00:00
9A35CTN4dq8,2023-09-08T17:49:07+00:00
2KWdT4PkXgY,2023-09-06T11:44:14+00:00
cHkN82X3KNU,2023-09-06T08:24:16+00:00
xTSjk6Q6vrc,2023-09-05T12:08:07+00:00
TXCj39dGLlY,2023-08-31T17:39:14+00:00
3IoAmOaqfgo,2023-08-28T13:17:57+00:00
gwfl8NubiLw,2023-08-22T16:29:01+00:00
7StobNYRNuA,2023-08-12T13:13:20+00:00
e8vO7DgaJ3g,2023-07-29T07:29:21+00:00





